{"ram": {"ram": 0.18181818181818182, "kamera": 0.6666666666666666, "harga": 0.2912621359223301, "layar": 0.12048192771084336, "baterai": 0.05213270142180095}, "kamera": {"ram": 0.03636363636363637, "kamera": 0.13333333333333333, "harga": 0.48543689320388345, "layar": 0.36144578313253006, "baterai": 0.1579778830963665}, "harga": {"ram": 0.05454545454545454, "kamera": 0.02666666666666667, "harga": 0.0970873786407767, "layar": 0.36144578313253006, "baterai": 0.1579778830963665}, "layar": {"ram": 0.18181818181818182, "kamera": 0.04, "harga": 0.029126213592233007, "layar": 0.12048192771084336, "baterai": 0.47393364928909953}, "baterai": {"ram": 0.5454545454545454, "kamera": 0.13333333333333333, "harga": 0.0970873786407767, "layar": 0.03614457831325301, "baterai": 0.1579778830963665}}